상가업소번호,지점명,시군구명,도로명주소,경도,위도
15521795,성당점,강서구,서울특별시 강서구 공항대로41길 51,126.8457637,37.56022374
24379477,스시마이우강남역,서초구,서울특별시 서초구 서초대로73길 7,127.0252587,37.49811989
28516812,공덕새창로점,마포구,서울특별시 마포구 새창로 15-1,126.9518216,37.54222806
25346931,서초우성점,서초구,서울특별시 서초구 사임당로 181,127.0293055,37.4930262
15655401,잠실장미상가,송파구,서울특별시 송파구 올림픽로35길 104,127.099289,37.51981032
28450254,중계은행사거리점,노원구,서울특별시 노원구 한글비석로 235,127.0763272,37.64878886
25364101,신림역1호점,관악구,서울특별시 관악구 남부순환로 1592,126.9275723,37.48368563
25368024,성신여대점,성북구,서울특별시 성북구 동소문로20나길 3,127.0167663,37.59196568
12425857,강남구,강남구,서울특별시 강남구 강남대로 358,127.0297769,37.49504844
12438246,방이역코오롱점,송파구,서울특별시 송파구 마천로 25,127.123888,37.50967823
12451641,이태원점,용산구,서울특별시 용산구 보광로59길 37,126.9918575,37.53380046
23674574,방화사거리점,강서구,서울특별시 강서구 금낭화로 91-2,126.811063,37.57363808
11797392,한양대점,성동구,서울특별시 성동구 마조로 21,127.0408099,37.55989712
11797256,반포고투몰점,서초구,서울특별시 서초구 신반포로 176,127.0023932,37.50393001
11763599,중랑역동부시장점,중랑구,서울특별시 중랑구 망우로32길 14,127.0764142,37.59323141
11797363,종로관철점,종로구,서울특별시 종로구 종로10길 21,126.9845236,37.56898647
11804299,종암사거리점,성북구,서울특별시 성북구 종암로 132,127.0334984,37.6019072
11804429,천호역로데오점,강동구,서울특별시 강동구 올림픽로70길 57,127.1267566,37.53918208
11804241,월곡역점,성북구,서울특별시 성북구 화랑로 91,127.0420917,37.60297742
11795267,월계광운대점,노원구,서울특별시 노원구 광운로 43,127.0589953,37.62134145
11776418,길음역점,성북구,서울특별시 성북구 동소문로 248,127.0235872,37.60291588
16659341,구산역점,은평구,서울특별시 은평구 연서로 129,126.9166707,37.61047058
11804281,을지로입구역점,중구,서울특별시 중구 남대문로9길 10,126.9818706,37.56679211
11804350,반포고투몰2호점,서초구,서울특별시 서초구 신반포로 200,127.0050321,37.50621391
11804284,서울과기대점,노원구,서울특별시 노원구 공릉로 217,127.0770973,37.62868373
25293908,건대로데오점,광진구,서울특별시 광진구 아차산로 220,127.0676375,37.54062232
16749511,강변역점,광진구,서울특별시 광진구 강변역로4길 10,127.0933882,37.53534442
7155897,수서역점,강남구,서울특별시 강남구 밤고개로1길 10,127.1018421,37.48801336
16608121,보라매타운점,동작구,서울특별시 동작구 보라매로5가길 7,126.9250465,37.49188024
16768044,암사역점,강동구,서울특별시 강동구 올림픽로 770,127.1276402,37.54977601
16594100,마포경찰서점,마포구,서울특별시 마포구 마포대로 179,126.9547977,37.55032778
16585756,선정릉역점,강남구,서울특별시 강남구 선릉로 567,127.0440621,37.5090772
16725696,개봉역점,구로구,서울특별시 구로구 남부순환로97길 3,126.8582394,37.49398361
11804279,안암역점,성북구,서울특별시 성북구 인촌로 99-7,127.0301397,37.58670612
11797355,잠실장미상가점,송파구,서울특별시 송파구 올림픽로35길 104,127.099289,37.51981032
11797155,강남스시마이우점,서초구,서울특별시 서초구 서초대로73길 7,127.0252587,37.49811989
11797193,동대문역점,종로구,서울특별시 종로구 종로 300-1,127.011227,37.5715829
11804545,거여역점,송파구,서울특별시 송파구 오금로 515,127.1461442,37.49315353
11804435,노량진학원점,동작구,서울특별시 동작구 만양로 94-2,126.9444192,37.51184196
25254992,아차산점,광진구,서울특별시 광진구 천호대로129길 17,127.0905957,37.55285743
16675028,연신내사거리점,은평구,서울특별시 은평구 통일로 840,126.9220836,37.61838614
11806194,청담영동고점,강남구,서울특별시 강남구 선릉로 720,127.0408464,37.51906184
23769140,동대문역점,종로구,서울특별시 종로구 종로 300-1,127.011227,37.5715829
25246706,강동역헤르셔점,강동구,서울특별시 강동구 천호대로 1089,127.1330784,37.53656154
11777468,목동사거리점,강서구,서울특별시 강서구 곰달래로 272,126.8631562,37.53217207
11753541,등촌성당점,강서구,서울특별시 강서구 공항대로41길 51,126.8457637,37.56022374
11775767,역삼GS점,강남구,서울특별시 강남구 봉은사로30길 73,127.0371055,37.50293858
25305917,강동구,강동구,서울특별시 강동구 천호옛길 94,127.1260359,37.53694213
12562806,약수역점,중구,서울특별시 중구 다산로 131,127.0108145,37.55569403
16187924,명지대,서대문구,서울특별시 서대문구 거북골로 19,126.925248,37.58031935
11907657,명지대,서대문구,서울특별시 서대문구 거북골로 19,126.925248,37.58031935
25252055,반포고투몰2호점,서초구,서울특별시 서초구 신반포로 194,127.0068163,37.50642716
25344968,잠실신천점,송파구,서울특별시 송파구 백제고분로7길 45,127.083922,37.51092485
12592846,사가정역점,중랑구,서울특별시 중랑구 면목로 330-1,127.0886963,37.58149614
28462412,성수역롯데캐슬점,성동구,서울특별시 성동구 성수이로 113,127.0571136,37.54513411
12073350,구로시장점,구로구,서울특별시 구로구 구로동로26길 125,126.8910384,37.48987193
12608069,마곡나루역북부점,강서구,서울특별시 강서구 마곡중앙5로1길 20,126.826526,37.56863893
16973880,세종대후문점,광진구,서울특별시 광진구 군자로 108,127.0721505,37.55265085
11970434,태평로점,중구,서울특별시 중구 세종대로 82,126.977061,37.56338965
25558969,명일역점,강동구,서울특별시 강동구 구천면로 418,127.1450151,37.5505068
11947822,신림역2호점,관악구,서울특별시 관악구 신림로 322,126.9300815,37.4829605
17043795,동대문구,동대문구,서울특별시 동대문구 장한로 140,127.0721378,37.57284325
17033710,응암역점,은평구,서울특별시 은평구 은평로 56,126.9140808,37.59852614
16957499,돈암아리랑점,성북구,서울특별시 성북구 아리랑로 75,127.0136072,37.59882326
11970428,신대방삼거리점,동작구,서울특별시 동작구 국사봉1길 28,126.9300694,37.49887292
17058228,봉천역점,관악구,서울특별시 관악구 남부순환로 1729,126.9422193,37.48257422
25455683,둔촌동역점,강동구,서울특별시 강동구 양재대로 1339,127.1349888,37.52594307
17045773,신논현역지점,서초구,서울특별시 서초구 사평대로 367,127.023085,37.50437327
17009285,신사사거리지점,서초구,서울특별시 서초구 강남대로 605,127.0191474,37.51573896
17077814,노원문화의거리점,노원구,서울특별시 노원구 노해로79길 6-19,127.0624067,37.65547284
25246852,잠실역지하도점,송파구,서울특별시 송파구 올림픽로 265,127.1005744,37.51356678
17121297,구의역점,광진구,서울특별시 광진구 아차산로 380,127.0849883,37.53661319
11992360,영등포구청점,영등포구,서울특별시 영등포구 당산로 113,126.8961092,37.52487091
26312498,역전우동041,동작구,서울특별시 동작구 사당로17길 3,126.9742843,37.4834967
17106995,양재시민의숲역,서초구,서울특별시 서초구 마방로2길 94,127.039796,37.46946816
12079461,천왕역점,구로구,서울특별시 구로구 오리로 1149,126.8382361,37.48658925
16689989,월곡래미안점,성북구,서울특별시 성북구 오패산로 98,127.0356367,37.61084499
25371827,영등포신세계점,영등포구,서울특별시 영등포구 영중로 5,126.9061598,37.516819
11981868,당산역점,영등포구,서울특별시 영등포구 양평로 28-1,126.9032122,37.53348798
16669344,가산두산위브점,금천구,서울특별시 금천구 가산로 99,126.8912751,37.4761512
17119544,신림난곡점,관악구,서울특별시 관악구 난곡로 178,126.9200324,37.47098422
16684674,답십리사거리점,동대문구,서울특별시 동대문구 전농로 97-1,127.0572634,37.5736715
17135582,굽은다리역점,강동구,서울특별시 강동구 양재대로 1576,127.1434352,37.54615227
17128615,오류동역남부점,구로구,서울특별시 구로구 오류로8길 64,126.8438459,37.49237492
17107775,응암대림시장점,은평구,서울특별시 은평구 응암로 169,126.9162041,37.58720165
12002176,구로디지털역점,구로구,서울특별시 구로구 디지털로32길 79,126.8997365,37.48354681
25224739,불광역점,은평구,서울특별시 은평구 통일로 738,126.9293879,37.61140658
12079327,까치산역점,강서구,서울특별시 강서구 강서로 48,126.8467163,37.53219287
9671976,강남구,강남구,서울특별시 강남구 봉은사로 524,127.0571003,37.5129394
28411168,노원구,송파구,서울특별시 송파구 올림픽로35길 104,127.0984584,37.51645205
17113100,수유역점,강북구,서울특별시 강북구 도봉로 352,127.0270285,37.63867041
12611054,노원역북부점,노원구,서울특별시 노원구 상계로3길 21,127.0622603,37.65720166
11932265,망원시장점,마포구,서울특별시 마포구 월드컵로13길 34,126.9082408,37.55564608
12486219,구파발역미켈란점,은평구,서울특별시 은평구 진관2로 15-8,126.9195381,37.63538328
25250881,대치동학원가점,강남구,서울특별시 강남구 도곡로77길 8,127.058634,37.49889516
11954409,청량리역점,동대문구,서울특별시 동대문구 왕산로 209,127.0458496,37.58096836
25275058,압구정로데오점,강남구,서울특별시 강남구 선릉로161길 25,127.0383637,37.52740341
17159155,합정역점,마포구,서울특별시 마포구 월드컵로1길 14,126.9120459,37.5500407
17146845,강서블루나인점,강서구,서울특별시 강서구 양천로 583,126.8643281,37.557106
17140638,올림픽북단점,광진구,서울특별시 광진구 아차산로 480,127.0952274,37.54044948
17147137,구로KT점,관악구,서울특별시 관악구 남부순환로 1377,126.9037329,37.48010591
17143995,선유도역점,영등포구,서울특별시 영등포구 양평로 120,126.894357,37.53781148
17143641,상왕십리역점,성동구,서울특별시 성동구 왕십리로 363-1,127.0295507,37.56404003
12451970,신사역점,강남구,서울특별시 강남구 도산대로11길 34,127.0225229,37.51972256
12467150,신설동역1호점,동대문구,서울특별시 동대문구 왕산로 20,127.025782,37.57616407
17137373,창동역점,도봉구,서울특별시 도봉구 마들로11길 57,127.0501353,37.65350052
25288316,중앙대병원점,동작구,서울특별시 동작구 흑석로 93,126.9597961,37.50741907
23370656,강북구청점,강북구,서울특별시 강북구 도봉로87길 48,127.02326,37.6391889
25233906,가락시장역점,송파구,서울특별시 송파구 송파대로28길 27,127.1200802,37.49488154
25412691,구로삼성IT점,구로구,서울특별시 구로구 디지털로33길 27,126.8946567,37.48604936
25255672,우장산역점,강서구,서울특별시 강서구 강서로 245,126.8359891,37.54755838
26213879,서여의도점,영등포구,서울특별시 영등포구 국회대로68길 11,126.9196571,37.52922446
16403505,KBS본관점,영등포구,서울특별시 영등포구 의사당대로 38,126.9181942,37.52554382
16171507,신대방역점,관악구,서울특별시 관악구 난곡로 363,126.9134456,37.48632277
11781347,남대문시장점,중구,서울특별시 중구 퇴계로 37,126.9763138,37.55843645
25578507,구로로제리움점,구로구,서울특별시 구로구 가마산로26길 5,126.8909805,37.49607959
15954205,발산역플레이스점,강서구,서울특별시 강서구 강서로 395,126.8385976,37.56104549
25431707,대학로CGV점,종로구,서울특별시 종로구 대학로 143,127.0012914,37.58402373
25042368,신용산역점,용산구,서울특별시 용산구 새창로 213,126.967249,37.53046119
25230357,은평초교점,은평구,서울특별시 은평구 은평로 235,126.9339061,37.60116671
25253498,노원구,노원구,서울특별시 노원구 노해로 482,127.0616965,37.65426882
16587969,낙성대역점,관악구,서울특별시 관악구 남부순환로 1919,126.9626053,37.47768205
25365552,신촌역점,서대문구,서울특별시 서대문구 연세로2길 6,126.9371323,37.55586466
17213451,상도E편한점,동작구,서울특별시 동작구 만양로 6,126.9469376,37.50488132
17206021,방학역점,도봉구,서울특별시 도봉구 도봉로153길 20,127.0423302,37.67001639
17098663,화곡역점,강서구,서울특별시 강서구 화곡로25길 2,126.8384841,37.54137482
28466166,어린이대공원역점,광진구,서울특별시 광진구 광나루로 381-1,127.0723089,37.54809278
14057824,명동중앙우체,중구,서울특별시 중구 남대문로 58-1,126.9818508,37.56242189
24347873,마포구,마포구,서울특별시 마포구 마포대로4길 16,126.946484,37.53875659
27951583,강남역지하도점,강남구,서울특별시 강남구 강남대로 396,127.0282892,37.49815386
25259337,강남소망점,강남구,서울특별시 강남구 언주로159길 3,127.0326234,37.52422988
23424299,원효용문시장점,용산구,서울특별시 용산구 새창로 132,126.9612251,37.53569749
17086639,방이시장점,송파구,서울특별시 송파구 백제고분로48길 6,127.1138556,37.51154968
